Workbook
Name TypeList: lists!$A$1:$A$12

Sheet Шаблон заполнения
A1: id | B1: type | C1: ukr | D1: rus | E1: eng | F1: ger | G1: ukr_sub | H1: rus_sub | I1: eng_sub | J1: ger_sub | K1: href | L1: meta
A2: 1 | B2: heroImage | C2: images/hero.jpg | D2: images/hero.jpg | E2: images/hero.jpg | F2: images/hero.jpg | L2: w=1200;h=520;resizeMode=cover
A3: 2 | B3: eyebrow | C3: Академія краси | D3: Академия красоты | E3: Beauty Academy | F3: Beauty Academy
A4: 3 | B4: title | C4: Майстерність перманентного макіяжу | D4: Мастерство перманентного макияжа | E4: Master permanent makeup | F4: Meister der Permanent Make-up
A5: 4 | B5: subtitle | C5: Навчайтеся у найкращих практиків | D5: Учитесь у лучших практиков | E5: Learn from top professionals | F5: Lernen Sie von den besten Profis
A6: 5 | B6: text | C6: Цей текст відображається як звичайний абзац. | D6: Этот текст выводится как обычный параграф. | E6: This text is rendered as a normal paragraph. | F6: Dieser Text wird als normaler Absatz angezeigt.
A7: 6 | B7: image | C7: images/example.jpg | D7: images/example.jpg | E7: images/example.jpg | F7: images/example.jpg | L7: w=600;h=400;resizeMode=contain
A8: 7 | B8: gif | C8: images/animation.gif | D8: images/animation.gif | E8: images/animation.gif | F8: images/animation.gif | L8: w=400;h=225;resizeMode=contain
A9: 8 | B9: card | C9: Заголовок карточки | D9: Заголовок карточки | E9: Card title | F9: Kartenüberschrift | G9: Опис карточки українською | H9: Описание карточки на русском | I9: Card description in English | J9: Kartenbeschreibung auf Deutsch | K9: /lesson-example
A10: 9 | B10: video | C10: https://www.youtube.com/watch?v=dQw4w9WgXcQ | D10: https://www.youtube.com/watch?v=dQw4w9WgXcQ | E10: https://www.youtube.com/watch?v=dQw4w9WgXcQ | F10: https://www.youtube.com/watch?v=dQw4w9WgXcQ
A11: 10 | B11: link | C11: Детальніше про курс | D11: Подробнее о курсе | E11: Read more about the course | F11: Mehr über den Kurs | K11: /course
A12: 11 | B12: item | C12: Пункт списку UA | D12: Пункт списка RU | E12: List item EN | F12: Listenelement DE
A13: 12 | B13: navigationButtons | C13: Наступний урок | D13: Следующий урок | E13: Next lesson | F13: Nächste Lektion | K13: /next-page

Sheet Колонки и примеры
A1: id | B1: type | C1: ukr | D1: rus | E1: eng | F1: ger | G1: ukr_sub | H1: rus_sub | I1: eng_sub | J1: ger_sub | K1: href | L1: meta
A2: 1 | B2: heroImage | C2: images/hero.jpg | D2: images/hero.jpg | E2: images/hero.jpg | F2: images/hero.jpg | L2: w=1200;h=520;resizeMode=cover
A3: 2 | B3: eyebrow | C3: Академія краси | D3: Академия красоты | E3: Beauty Academy | F3: Beauty Academy
A4: 3 | B4: title | C4: Майстерність перманентного макіяжу | D4: Мастерство перманентного макияжа | E4: Master permanent makeup | F4: Meister der Permanent Make-up
A5: 4 | B5: subtitle | C5: Навчайтеся у найкращих практиків | D5: Учитесь у лучших практиков | E5: Learn from top professionals | F5: Lernen Sie von den besten Profis
A6: 5 | B6: text | C6: Цей текст відображається як звичайний абзац. | D6: Этот текст выводится как обычный параграф. | E6: This text is rendered as a normal paragraph. | F6: Dieser Text wird als normaler Absatz angezeigt.
A7: 6 | B7: image | C7: images/example.jpg | D7: images/example.jpg | E7: images/example.jpg | F7: images/example.jpg | L7: w=600;h=400;resizeMode=contain
A8: 7 | B8: gif | C8: images/animation.gif | D8: images/animation.gif | E8: images/animation.gif | F8: images/animation.gif | L8: w=400;h=225;resizeMode=contain
A9: 8 | B9: card | C9: Заголовок карточки | D9: Заголовок карточки | E9: Card title | F9: Kartenüberschrift | G9: Опис карточки українською | H9: Описание карточки на русском | I9: Card description in English | J9: Kartenbeschreibung auf Deutsch | K9: /lesson-example
A10: 9 | B10: video | C10: https://www.youtube.com/watch?v=dQw4w9WgXcQ | D10: https://www.youtube.com/watch?v=dQw4w9WgXcQ | E10: https://www.youtube.com/watch?v=dQw4w9WgXcQ | F10: https://www.youtube.com/watch?v=dQw4w9WgXcQ
A11: 10 | B11: link | C11: Детальніше про курс | D11: Подробнее о курсе | E11: Read more about the course | F11: Mehr über den Kurs | K11: /course
A12: 11 | B12: item | C12: Пункт списку UA | D12: Пункт списка RU | E12: List item EN | F12: Listenelement DE
A13: 12 | B13: navigationButtons | C13: Наступний урок | D13: Следующий урок | E13: Next lesson | F13: Nächste Lektion | K13: /next-page

Sheet Шаблон ввода
A1: id | B1: type | C1: ukr | D1: rus | E1: eng | F1: ger | G1: ukr_sub | H1: rus_sub | I1: eng_sub | J1: ger_sub | K1: href | L1: meta
A2: 1 | C2: =IFERROR(INDEX('Колонки и примеры'!C:C,MATCH($B2,'Колонки и примеры'!$B:$B,0)),"") | D2: =IFERROR(INDEX('Колонки и примеры'!D:D,MATCH($B2,'Колонки и примеры'!$B:$B,0)),"") | E2: =IFERROR(INDEX('Колонки и примеры'!E:E,MATCH($B2,'Колонки и примеры'!$B:$B,0)),"") | F2: =IFERROR(INDEX('Колонки и примеры'!F:F,MATCH($B2,'Колонки и примеры'!$B:$B,0)),"") | G2: =IFERROR(INDEX('Колонки и примеры'!G:G,MATCH($B2,'Колонки и примеры'!$B:$B,0)),"") | H2: =IFERROR(INDEX('Колонки и примеры'!H:H,MATCH($B2,'Колонки и примеры'!$B:$B,0)),"") | I2: =IFERROR(INDEX('Колонки и примеры'!I:I,MATCH($B2,'Колонки и примеры'!$B:$B,0)),"") | J2: =IFERROR(INDEX('Колонки и примеры'!J:J,MATCH($B2,'Колонки и примеры'!$B:$B,0)),"") | K2: =IFERROR(INDEX('Колонки и примеры'!K:K,MATCH($B2,'Колонки и примеры'!$B:$B,0)),"") | L2: =IFERROR(INDEX('Колонки и примеры'!L:L,MATCH($B2,'Колонки и примеры'!$B:$B,0)),"") | N2: 1. Выберите type из выпадающего списка
A3: 2 | C3: =IFERROR(INDEX('Колонки и примеры'!C:C,MATCH($B3,'Колонки и примеры'!$B:$B,0)),"") | D3: =IFERROR(INDEX('Колонки и примеры'!D:D,MATCH($B3,'Колонки и примеры'!$B:$B,0)),"") | E3: =IFERROR(INDEX('Колонки и примеры'!E:E,MATCH($B3,'Колонки и примеры'!$B:$B,0)),"") | F3: =IFERROR(INDEX('Колонки и примеры'!F:F,MATCH($B3,'Колонки и примеры'!$B:$B,0)),"") | G3: =IFERROR(INDEX('Колонки и примеры'!G:G,MATCH($B3,'Колонки и примеры'!$B:$B,0)),"") | H3: =IFERROR(INDEX('Колонки и примеры'!H:H,MATCH($B3,'Колонки и примеры'!$B:$B,0)),"") | I3: =IFERROR(INDEX('Колонки и примеры'!I:I,MATCH($B3,'Колонки и примеры'!$B:$B,0)),"") | J3: =IFERROR(INDEX('Колонки и примеры'!J:J,MATCH($B3,'Колонки и примеры'!$B:$B,0)),"") | K3: =IFERROR(INDEX('Колонки и примеры'!K:K,MATCH($B3,'Колонки и примеры'!$B:$B,0)),"") | L3: =IFERROR(INDEX('Колонки и примеры'!L:L,MATCH($B3,'Колонки и примеры'!$B:$B,0)),"") | N3: 2. Пример автоматически подтянется
A4: 3 | C4: =IFERROR(INDEX('Колонки и примеры'!C:C,MATCH($B4,'Колонки и примеры'!$B:$B,0)),"") | D4: =IFERROR(INDEX('Колонки и примеры'!D:D,MATCH($B4,'Колонки и примеры'!$B:$B,0)),"") | E4: =IFERROR(INDEX('Колонки и примеры'!E:E,MATCH($B4,'Колонки и примеры'!$B:$B,0)),"") | F4: =IFERROR(INDEX('Колонки и примеры'!F:F,MATCH($B4,'Колонки и примеры'!$B:$B,0)),"") | G4: =IFERROR(INDEX('Колонки и примеры'!G:G,MATCH($B4,'Колонки и примеры'!$B:$B,0)),"") | H4: =IFERROR(INDEX('Колонки и примеры'!H:H,MATCH($B4,'Колонки и примеры'!$B:$B,0)),"") | I4: =IFERROR(INDEX('Колонки и примеры'!I:I,MATCH($B4,'Колонки и примеры'!$B:$B,0)),"") | J4: =IFERROR(INDEX('Колонки и примеры'!J:J,MATCH($B4,'Колонки и примеры'!$B:$B,0)),"") | K4: =IFERROR(INDEX('Колонки и примеры'!K:K,MATCH($B4,'Колонки и примеры'!$B:$B,0)),"") | L4: =IFERROR(INDEX('Колонки и примеры'!L:L,MATCH($B4,'Колонки и примеры'!$B:$B,0)),"") | N4: 3. Замените пример своим текстом
A5: 4 | C5: =IFERROR(INDEX('Колонки и примеры'!C:C,MATCH($B5,'Колонки и примеры'!$B:$B,0)),"") | D5: =IFERROR(INDEX('Колонки и примеры'!D:D,MATCH($B5,'Колонки и примеры'!$B:$B,0)),"") | E5: =IFERROR(INDEX('Колонки и примеры'!E:E,MATCH($B5,'Колонки и примеры'!$B:$B,0)),"") | F5: =IFERROR(INDEX('Колонки и примеры'!F:F,MATCH($B5,'Колонки и примеры'!$B:$B,0)),"") | G5: =IFERROR(INDEX('Колонки и примеры'!G:G,MATCH($B5,'Колонки и примеры'!$B:$B,0)),"") | H5: =IFERROR(INDEX('Колонки и примеры'!H:H,MATCH($B5,'Колонки и примеры'!$B:$B,0)),"") | I5: =IFERROR(INDEX('Колонки и примеры'!I:I,MATCH($B5,'Колонки и примеры'!$B:$B,0)),"") | J5: =IFERROR(INDEX('Колонки и примеры'!J:J,MATCH($B5,'Колонки и примеры'!$B:$B,0)),"") | K5: =IFERROR(INDEX('Колонки и примеры'!K:K,MATCH($B5,'Колонки и примеры'!$B:$B,0)),"") | L5: =IFERROR(INDEX('Колонки и примеры'!L:L,MATCH($B5,'Колонки и примеры'!$B:$B,0)),"")
A6: 5 | C6: =IFERROR(INDEX('Колонки и примеры'!C:C,MATCH($B6,'Колонки и примеры'!$B:$B,0)),"") | D6: =IFERROR(INDEX('Колонки и примеры'!D:D,MATCH($B6,'Колонки и примеры'!$B:$B,0)),"") | E6: =IFERROR(INDEX('Колонки и примеры'!E:E,MATCH($B6,'Колонки и примеры'!$B:$B,0)),"") | F6: =IFERROR(INDEX('Колонки и примеры'!F:F,MATCH($B6,'Колонки и примеры'!$B:$B,0)),"") | G6: =IFERROR(INDEX('Колонки и примеры'!G:G,MATCH($B6,'Колонки и примеры'!$B:$B,0)),"") | H6: =IFERROR(INDEX('Колонки и примеры'!H:H,MATCH($B6,'Колонки и примеры'!$B:$B,0)),"") | I6: =IFERROR(INDEX('Колонки и примеры'!I:I,MATCH($B6,'Колонки и примеры'!$B:$B,0)),"") | J6: =IFERROR(INDEX('Колонки и примеры'!J:J,MATCH($B6,'Колонки и примеры'!$B:$B,0)),"") | K6: =IFERROR(INDEX('Колонки и примеры'!K:K,MATCH($B6,'Колонки и примеры'!$B:$B,0)),"") | L6: =IFERROR(INDEX('Колонки и примеры'!L:L,MATCH($B6,'Колонки и примеры'!$B:$B,0)),"")
A7: 6 | C7: =IFERROR(INDEX('Колонки и примеры'!C:C,MATCH($B7,'Колонки и примеры'!$B:$B,0)),"") | D7: =IFERROR(INDEX('Колонки и примеры'!D:D,MATCH($B7,'Колонки и примеры'!$B:$B,0)),"") | E7: =IFERROR(INDEX('Колонки и примеры'!E:E,MATCH($B7,'Колонки и примеры'!$B:$B,0)),"") | F7: =IFERROR(INDEX('Колонки и примеры'!F:F,MATCH($B7,'Колонки и примеры'!$B:$B,0)),"") | G7: =IFERROR(INDEX('Колонки и примеры'!G:G,MATCH($B7,'Колонки и примеры'!$B:$B,0)),"") | H7: =IFERROR(INDEX('Колонки и примеры'!H:H,MATCH($B7,'Колонки и примеры'!$B:$B,0)),"") | I7: =IFERROR(INDEX('Колонки и примеры'!I:I,MATCH($B7,'Колонки и примеры'!$B:$B,0)),"") | J7: =IFERROR(INDEX('Колонки и примеры'!J:J,MATCH($B7,'Колонки и примеры'!$B:$B,0)),"") | K7: =IFERROR(INDEX('Колонки и примеры'!K:K,MATCH($B7,'Колонки и примеры'!$B:$B,0)),"") | L7: =IFERROR(INDEX('Колонки и примеры'!L:L,MATCH($B7,'Колонки и примеры'!$B:$B,0)),"")
A8: 7 | C8: =IFERROR(INDEX('Колонки и примеры'!C:C,MATCH($B8,'Колонки и примеры'!$B:$B,0)),"") | D8: =IFERROR(INDEX('Колонки и примеры'!D:D,MATCH($B8,'Колонки и примеры'!$B:$B,0)),"") | E8: =IFERROR(INDEX('Колонки и примеры'!E:E,MATCH($B8,'Колонки и примеры'!$B:$B,0)),"") | F8: =IFERROR(INDEX('Колонки и примеры'!F:F,MATCH($B8,'Колонки и примеры'!$B:$B,0)),"") | G8: =IFERROR(INDEX('Колонки и примеры'!G:G,MATCH($B8,'Колонки и примеры'!$B:$B,0)),"") | H8: =IFERROR(INDEX('Колонки и примеры'!H:H,MATCH($B8,'Колонки и примеры'!$B:$B,0)),"") | I8: =IFERROR(INDEX('Колонки и примеры'!I:I,MATCH($B8,'Колонки и примеры'!$B:$B,0)),"") | J8: =IFERROR(INDEX('Колонки и примеры'!J:J,MATCH($B8,'Колонки и примеры'!$B:$B,0)),"") | K8: =IFERROR(INDEX('Колонки и примеры'!K:K,MATCH($B8,'Колонки и примеры'!$B:$B,0)),"") | L8: =IFERROR(INDEX('Колонки и примеры'!L:L,MATCH($B8,'Колонки и примеры'!$B:$B,0)),"")
A9: 8 | C9: =IFERROR(INDEX('Колонки и примеры'!C:C,MATCH($B9,'Колонки и примеры'!$B:$B,0)),"") | D9: =IFERROR(INDEX('Колонки и примеры'!D:D,MATCH($B9,'Колонки и примеры'!$B:$B,0)),"") | E9: =IFERROR(INDEX('Колонки и примеры'!E:E,MATCH($B9,'Колонки и примеры'!$B:$B,0)),"") | F9: =IFERROR(INDEX('Колонки и примеры'!F:F,MATCH($B9,'Колонки и примеры'!$B:$B,0)),"") | G9: =IFERROR(INDEX('Колонки и примеры'!G:G,MATCH($B9,'Колонки и примеры'!$B:$B,0)),"") | H9: =IFERROR(INDEX('Колонки и примеры'!H:H,MATCH($B9,'Колонки и примеры'!$B:$B,0)),"") | I9: =IFERROR(INDEX('Колонки и примеры'!I:I,MATCH($B9,'Колонки и примеры'!$B:$B,0)),"") | J9: =IFERROR(INDEX('Колонки и примеры'!J:J,MATCH($B9,'Колонки и примеры'!$B:$B,0)),"") | K9: =IFERROR(INDEX('Колонки и примеры'!K:K,MATCH($B9,'Колонки и примеры'!$B:$B,0)),"") | L9: =IFERROR(INDEX('Колонки и примеры'!L:L,MATCH($B9,'Колонки и примеры'!$B:$B,0)),"")
A10: 9 | C10: =IFERROR(INDEX('Колонки и примеры'!C:C,MATCH($B10,'Колонки и примеры'!$B:$B,0)),"") | D10: =IFERROR(INDEX('Колонки и примеры'!D:D,MATCH($B10,'Колонки и примеры'!$B:$B,0)),"") | E10: =IFERROR(INDEX('Колонки и примеры'!E:E,MATCH($B10,'Колонки и примеры'!$B:$B,0)),"") | F10: =IFERROR(INDEX('Колонки и примеры'!F:F,MATCH($B10,'Колонки и примеры'!$B:$B,0)),"") | G10: =IFERROR(INDEX('Колонки и примеры'!G:G,MATCH($B10,'Колонки и примеры'!$B:$B,0)),"") | H10: =IFERROR(INDEX('Колонки и примеры'!H:H,MATCH($B10,'Колонки и примеры'!$B:$B,0)),"") | I10: =IFERROR(INDEX('Колонки и примеры'!I:I,MATCH($B10,'Колонки и примеры'!$B:$B,0)),"") | J10: =IFERROR(INDEX('Колонки и примеры'!J:J,MATCH($B10,'Колонки и примеры'!$B:$B,0)),"") | K10: =IFERROR(INDEX('Колонки и примеры'!K:K,MATCH($B10,'Колонки и примеры'!$B:$B,0)),"") | L10: =IFERROR(INDEX('Колонки и примеры'!L:L,MATCH($B10,'Колонки и примеры'!$B:$B,0)),"")
A11: 10 | C11: =IFERROR(INDEX('Колонки и примеры'!C:C,MATCH($B11,'Колонки и примеры'!$B:$B,0)),"") | D11: =IFERROR(INDEX('Колонки и примеры'!D:D,MATCH($B11,'Колонки и примеры'!$B:$B,0)),"") | E11: =IFERROR(INDEX('Колонки и примеры'!E:E,MATCH($B11,'Колонки и примеры'!$B:$B,0)),"") | F11: =IFERROR(INDEX('Колонки и примеры'!F:F,MATCH($B11,'Колонки и примеры'!$B:$B,0)),"") | G11: =IFERROR(INDEX('Колонки и примеры'!G:G,MATCH($B11,'Колонки и примеры'!$B:$B,0)),"") | H11: =IFERROR(INDEX('Колонки и примеры'!H:H,MATCH($B11,'Колонки и примеры'!$B:$B,0)),"") | I11: =IFERROR(INDEX('Колонки и примеры'!I:I,MATCH($B11,'Колонки и примеры'!$B:$B,0)),"") | J11: =IFERROR(INDEX('Колонки и примеры'!J:J,MATCH($B11,'Колонки и примеры'!$B:$B,0)),"") | K11: =IFERROR(INDEX('Колонки и примеры'!K:K,MATCH($B11,'Колонки и примеры'!$B:$B,0)),"") | L11: =IFERROR(INDEX('Колонки и примеры'!L:L,MATCH($B11,'Колонки и примеры'!$B:$B,0)),"")
A12: 11 | C12: =IFERROR(INDEX('Колонки и примеры'!C:C,MATCH($B12,'Колонки и примеры'!$B:$B,0)),"") | D12: =IFERROR(INDEX('Колонки и примеры'!D:D,MATCH($B12,'Колонки и примеры'!$B:$B,0)),"") | E12: =IFERROR(INDEX('Колонки и примеры'!E:E,MATCH($B12,'Колонки и примеры'!$B:$B,0)),"") | F12: =IFERROR(INDEX('Колонки и примеры'!F:F,MATCH($B12,'Колонки и примеры'!$B:$B,0)),"") | G12: =IFERROR(INDEX('Колонки и примеры'!G:G,MATCH($B12,'Колонки и примеры'!$B:$B,0)),"") | H12: =IFERROR(INDEX('Колонки и примеры'!H:H,MATCH($B12,'Колонки и примеры'!$B:$B,0)),"") | I12: =IFERROR(INDEX('Колонки и примеры'!I:I,MATCH($B12,'Колонки и примеры'!$B:$B,0)),"") | J12: =IFERROR(INDEX('Колонки и примеры'!J:J,MATCH($B12,'Колонки и примеры'!$B:$B,0)),"") | K12: =IFERROR(INDEX('Колонки и примеры'!K:K,MATCH($B12,'Колонки и примеры'!$B:$B,0)),"") | L12: =IFERROR(INDEX('Колонки и примеры'!L:L,MATCH($B12,'Колонки и примеры'!$B:$B,0)),"")
A13: 12 | C13: =IFERROR(INDEX('Колонки и примеры'!C:C,MATCH($B13,'Колонки и примеры'!$B:$B,0)),"") | D13: =IFERROR(INDEX('Колонки и примеры'!D:D,MATCH($B13,'Колонки и примеры'!$B:$B,0)),"") | E13: =IFERROR(INDEX('Колонки и примеры'!E:E,MATCH($B13,'Колонки и примеры'!$B:$B,0)),"") | F13: =IFERROR(INDEX('Колонки и примеры'!F:F,MATCH($B13,'Колонки и примеры'!$B:$B,0)),"") | G13: =IFERROR(INDEX('Колонки и примеры'!G:G,MATCH($B13,'Колонки и примеры'!$B:$B,0)),"") | H13: =IFERROR(INDEX('Колонки и примеры'!H:H,MATCH($B13,'Колонки и примеры'!$B:$B,0)),"") | I13: =IFERROR(INDEX('Колонки и примеры'!I:I,MATCH($B13,'Колонки и примеры'!$B:$B,0)),"") | J13: =IFERROR(INDEX('Колонки и примеры'!J:J,MATCH($B13,'Колонки и примеры'!$B:$B,0)),"") | K13: =IFERROR(INDEX('Колонки и примеры'!K:K,MATCH($B13,'Колонки и примеры'!$B:$B,0)),"") | L13: =IFERROR(INDEX('Колонки и примеры'!L:L,MATCH($B13,'Колонки и примеры'!$B:$B,0)),"")
A14: 13 | C14: =IFERROR(INDEX('Колонки и примеры'!C:C,MATCH($B14,'Колонки и примеры'!$B:$B,0)),"") | D14: =IFERROR(INDEX('Колонки и примеры'!D:D,MATCH($B14,'Колонки и примеры'!$B:$B,0)),"") | E14: =IFERROR(INDEX('Колонки и примеры'!E:E,MATCH($B14,'Колонки и примеры'!$B:$B,0)),"") | F14: =IFERROR(INDEX('Колонки и примеры'!F:F,MATCH($B14,'Колонки и примеры'!$B:$B,0)),"") | G14: =IFERROR(INDEX('Колонки и примеры'!G:G,MATCH($B14,'Колонки и примеры'!$B:$B,0)),"") | H14: =IFERROR(INDEX('Колонки и примеры'!H:H,MATCH($B14,'Колонки и примеры'!$B:$B,0)),"") | I14: =IFERROR(INDEX('Колонки и примеры'!I:I,MATCH($B14,'Колонки и примеры'!$B:$B,0)),"") | J14: =IFERROR(INDEX('Колонки и примеры'!J:J,MATCH($B14,'Колонки и примеры'!$B:$B,0)),"") | K14: =IFERROR(INDEX('Колонки и примеры'!K:K,MATCH($B14,'Колонки и примеры'!$B:$B,0)),"") | L14: =IFERROR(INDEX('Колонки и примеры'!L:L,MATCH($B14,'Колонки и примеры'!$B:$B,0)),"")
A15: 14 | C15: =IFERROR(INDEX('Колонки и примеры'!C:C,MATCH($B15,'Колонки и примеры'!$B:$B,0)),"") | D15: =IFERROR(INDEX('Колонки и примеры'!D:D,MATCH($B15,'Колонки и примеры'!$B:$B,0)),"") | E15: =IFERROR(INDEX('Колонки и примеры'!E:E,MATCH($B15,'Колонки и примеры'!$B:$B,0)),"") | F15: =IFERROR(INDEX('Колонки и примеры'!F:F,MATCH($B15,'Колонки и примеры'!$B:$B,0)),"") | G15: =IFERROR(INDEX('Колонки и примеры'!G:G,MATCH($B15,'Колонки и примеры'!$B:$B,0)),"") | H15: =IFERROR(INDEX('Колонки и примеры'!H:H,MATCH($B15,'Колонки и примеры'!$B:$B,0)),"") | I15: =IFERROR(INDEX('Колонки и примеры'!I:I,MATCH($B15,'Колонки и примеры'!$B:$B,0)),"") | J15: =IFERROR(INDEX('Колонки и примеры'!J:J,MATCH($B15,'Колонки и примеры'!$B:$B,0)),"") | K15: =IFERROR(INDEX('Колонки и примеры'!K:K,MATCH($B15,'Колонки и примеры'!$B:$B,0)),"") | L15: =IFERROR(INDEX('Колонки и примеры'!L:L,MATCH($B15,'Колонки и примеры'!$B:$B,0)),"")
A16: 15 | C16: =IFERROR(INDEX('Колонки и примеры'!C:C,MATCH($B16,'Колонки и примеры'!$B:$B,0)),"") | D16: =IFERROR(INDEX('Колонки и примеры'!D:D,MATCH($B16,'Колонки и примеры'!$B:$B,0)),"") | E16: =IFERROR(INDEX('Колонки и примеры'!E:E,MATCH($B16,'Колонки и примеры'!$B:$B,0)),"") | F16: =IFERROR(INDEX('Колонки и примеры'!F:F,MATCH($B16,'Колонки и примеры'!$B:$B,0)),"") | G16: =IFERROR(INDEX('Колонки и примеры'!G:G,MATCH($B16,'Колонки и примеры'!$B:$B,0)),"") | H16: =IFERROR(INDEX('Колонки и примеры'!H:H,MATCH($B16,'Колонки и примеры'!$B:$B,0)),"") | I16: =IFERROR(INDEX('Колонки и примеры'!I:I,MATCH($B16,'Колонки и примеры'!$B:$B,0)),"") | J16: =IFERROR(INDEX('Колонки и примеры'!J:J,MATCH($B16,'Колонки и примеры'!$B:$B,0)),"") | K16: =IFERROR(INDEX('Колонки и примеры'!K:K,MATCH($B16,'Колонки и примеры'!$B:$B,0)),"") | L16: =IFERROR(INDEX('Колонки и примеры'!L:L,MATCH($B16,'Колонки и примеры'!$B:$B,0)),"")
... A101: 100 | C101: =IFERROR(INDEX('Колонки и примеры'!C:C,MATCH($B101,'Колонки и примеры'!$B:$B,0)),"") | D101: =IFERROR(INDEX('Колонки и примеры'!D:D,MATCH($B101,'Колонки и примеры'!$B:$B,0)),"") | E101: =IFERROR(INDEX('Колонки и примеры'!E:E,MATCH($B101,'Колонки и примеры'!$B:$B,0)),"") | F101: =IFERROR(INDEX('Колонки и примеры'!F:F,MATCH($B101,'Колонки и примеры'!$B:$B,0)),"") | G101: =IFERROR(INDEX('Колонки и примеры'!G:G,MATCH($B101,'Колонки и примеры'!$B:$B,0)),"") | H101: =IFERROR(INDEX('Колонки и примеры'!H:H,MATCH($B101,'Колонки и примеры'!$B:$B,0)),"") | I101: =IFERROR(INDEX('Колонки и примеры'!I:I,MATCH($B101,'Колонки и примеры'!$B:$B,0)),"") | J101: =IFERROR(INDEX('Колонки и примеры'!J:J,MATCH($B101,'Колонки и примеры'!$B:$B,0)),"") | K101: =IFERROR(INDEX('Колонки и примеры'!K:K,MATCH($B101,'Колонки и примеры'!$B:$B,0)),"") | L101: =IFERROR(INDEX('Колонки и примеры'!L:L,MATCH($B101,'Колонки и примеры'!$B:$B,0)),"")

Sheet lists
A1: heroImage
A2: eyebrow
A3: title
A4: subtitle
A5: text
A6: image
A7: gif
A8: card
A9: video
A10: link
A11: item
A12: navigationButtons
